Workbook

Sheet Videos
A1: Nº | B1: Fecha | C1: Hora (México) | D1: Texto del gancho | E1: Tipo de gancho | F1: Primer clip | G1: Música | H1: Vistas | I1: Espectadores | J1: Reproducciones 3 s | K1: % pasa del seg. 3 | L1: % medio visto | M1: Tiempo medio (s) | N1: Reacciones | O1: Comentarios | P1: Compartidos | Q1: Clics al enlace | R1: Visitas web (Shopify) | S1: Ventas | T1: Notas / qué aprender
A2: 1 | B2: 2026-10-10 | C2: 07:00 | D2: El mejor juguete para gatos de interior 🏠 | E2: Útil | F2: Gato sentado lejos (puerta) | G2: The Night We Met | H2: 337 | I2: 252 | J2: 168 | K2: =IF(OR(H2="",H2=0),"",J2/H2) -> 0.49851632 | L2: 0.57 | M2: 7 | N2: 2 | O2: 1 | P2: 0 | Q2: 0 | R2: 0 | S2: 0 | T2: Arranque quieto y gato pequeño; música triste. Abandono en el seg. 2.
A3: 2 | B3: 2026-10-11 | C3: 08:43 | D3: Le colgué esto a mi gato y… 😳 | E3: Curiosidad | F3: Gato agazapado lejos (puerta IA) | G3: Mochi Cat | H3: 664 | I3: 488 | J3: 246 | K3: =IF(OR(H3="",H3=0),"",J3/H3) -> 0.37048193 | L3: 0.51 | M3: 5 | N3: 3 | O3: 1 | P3: 0 | Q3: 0 | R3: 0 | S3: 0 | T3: Doble de vistas, pero 38 % pasa del seg. 3: gato pequeño al inicio.
A4: 3 | B4: 2026-10-11 | C4: 12:42 | D4: Así se pone mi gato con esto 😳 | E4: Curiosidad | F4: Gato grande de pie (real, de cerca) | H4: 645 | I4: 495 | J4: 214 | K4: =IF(OR(H4="",H4=0),"",J4/H4) -> 0.33178295 | L4: 0.51 | M4: 5 | N4: 7 | O4: 1 | P4: 1 | Q4: 1 | R4: 0 | S4: 0 | T4: Se frenó a las 2 h (~620) y luego casi plano. 43 % México. Subido solo 4 h después del vídeo 2. Abandono máximo en el seg. 1.
A5: 4 | K5: =IF(OR(H5="",H5=0),"",J5/H5)
A6: 5 | K6: =IF(OR(H6="",H6=0),"",J6/H6)
A7: 6 | K7: =IF(OR(H7="",H7=0),"",J7/H7)
A8: 7 | K8: =IF(OR(H8="",H8=0),"",J8/H8)
A9: 8 | K9: =IF(OR(H9="",H9=0),"",J9/H9)
A10: 9 | K10: =IF(OR(H10="",H10=0),"",J10/H10)
A11: 10 | K11: =IF(OR(H11="",H11=0),"",J11/H11)
A12: 11 | K12: =IF(OR(H12="",H12=0),"",J12/H12)
A13: 12 | K13: =IF(OR(H13="",H13=0),"",J13/H13)
A14: 13 | K14: =IF(OR(H14="",H14=0),"",J14/H14)
A15: 14 | K15: =IF(OR(H15="",H15=0),"",J15/H15)
A16: 15 | K16: =IF(OR(H16="",H16=0),"",J16/H16)
... A151: 150 | K151: =IF(OR(H151="",H151=0),"",J151/H151)

Sheet Resumen
A1: Resumen de vídeos Catboing
A3: Vídeos publicados | B3: =COUNT(Videos!$H$2:$H$151) -> 3
A4: Vistas totales | B4: =SUM(Videos!$H$2:$H$151) -> 1646
A5: Vistas medias por vídeo | B5: =IFERROR(AVERAGE(Videos!$H$2:$H$151),"") -> 548.66667
A6: % medio que pasa del seg. 3 | B6: =IFERROR(SUM(Videos!$J$2:$J$151)/SUM(Videos!$H$2:$H$151),"") -> 0.38153098
A7: Clics al enlace totales | B7: =SUM(Videos!$Q$2:$Q$151) -> 1
A8: Visitas web totales | B8: =SUM(Videos!$R$2:$R$151) -> 0
A9: Ventas totales | B9: =SUM(Videos!$S$2:$S$151) -> 0
A10: Vídeo con más vistas (Nº) | B10: =IFERROR(INDEX(Videos!$A$2:$A$151,MATCH(MAX(Videos!$H$2:$H$151),Videos!$H$2:$H$151,0)),"") -> 2
A11: Mejor % seg. 3 (Nº de vídeo) | B11: =IFERROR(INDEX(Videos!$A$2:$A$151,MATCH(MAX(Videos!$K$2:$K$151),Videos!$K$2:$K$151,0)),"") -> 1
A13: Por tipo de gancho
A14: Tipo | B14: Nº vídeos | C14: Vistas medias | D14: % pasa seg. 3
A15: Curiosidad | B15: =COUNTIFS(Videos!$E$2:$E$151,A15,Videos!$H$2:$H$151,">0") -> 2 | C15: =IFERROR(AVERAGEIFS(Videos!$H$2:$H$151,Videos!$E$2:$E$151,A15),"") -> 654.5 | D15: =IFERROR(SUMIFS(Videos!$J$2:$J$151,Videos!$E$2:$E$151,A15)/SUMIFS(Videos!$H$2:$H$151,Videos!$E$2:$E$151,A15),"") -> 0.35141329
A16: Humor | B16: =COUNTIFS(Videos!$E$2:$E$151,A16,Videos!$H$2:$H$151,">0") -> 0 | C16: =IFERROR(AVERAGEIFS(Videos!$H$2:$H$151,Videos!$E$2:$E$151,A16),"") | D16: =IFERROR(SUMIFS(Videos!$J$2:$J$151,Videos!$E$2:$E$151,A16)/SUMIFS(Videos!$H$2:$H$151,Videos!$E$2:$E$151,A16),"")
A17: Tensión | B17: =COUNTIFS(Videos!$E$2:$E$151,A17,Videos!$H$2:$H$151,">0") -> 0 | C17: =IFERROR(AVERAGEIFS(Videos!$H$2:$H$151,Videos!$E$2:$E$151,A17),"") | D17: =IFERROR(SUMIFS(Videos!$J$2:$J$151,Videos!$E$2:$E$151,A17)/SUMIFS(Videos!$H$2:$H$151,Videos!$E$2:$E$151,A17),"")
A18: Útil | B18: =COUNTIFS(Videos!$E$2:$E$151,A18,Videos!$H$2:$H$151,">0") -> 1 | C18: =IFERROR(AVERAGEIFS(Videos!$H$2:$H$151,Videos!$E$2:$E$151,A18),"") -> 337 | D18: =IFERROR(SUMIFS(Videos!$J$2:$J$151,Videos!$E$2:$E$151,A18)/SUMIFS(Videos!$H$2:$H$151,Videos!$E$2:$E$151,A18),"") -> 0.49851632
A19: Otro | B19: =COUNTIFS(Videos!$E$2:$E$151,A19,Videos!$H$2:$H$151,">0") -> 0 | C19: =IFERROR(AVERAGEIFS(Videos!$H$2:$H$151,Videos!$E$2:$E$151,A19),"") | D19: =IFERROR(SUMIFS(Videos!$J$2:$J$151,Videos!$E$2:$E$151,A19)/SUMIFS(Videos!$H$2:$H$151,Videos!$E$2:$E$151,A19),"")

Sheet Cómo usar
A1: Cómo usar esta hoja
A2: 1. Al publicar un vídeo, rellena en 'Videos': fecha, hora, texto del gancho, tipo de gancho, primer clip y música.
A3: 2. A las 48 horas, copia de Facebook (Insights del Reel): Vistas, Espectadores, Reproducciones de 3 s, % medio visto, tiempo medio, reacciones, comentarios, compartidos y clics.
A4: 3. 'Visitas web' y 'Ventas' te las puedo sacar yo de Shopify: pregúntame '¿cómo va la tienda?'.
A5: 4. Las celdas amarillas con texto azul son para escribir. Las de color crema se calculan solas (no las toques).
A6: 5. La columna '% pasa del seg. 3' es la más importante: verde = bien (70 % o más), amarillo = normal (50 %), rojo = flojo (30 % o menos).
A7: 6. Cada semana mira la pestaña 'Resumen': qué tipo de gancho funciona mejor y qué vídeo destacó. Haz variaciones del ganador.
A8: Datos de los vídeos 1 y 2: sacados de tus capturas de Facebook. El vídeo 3 está pendiente de datos.
